{
  "raw_counts": {
    "street_bins_osm_fallback": 5545,
    "iris_contours": 992,
    "iris_population_paris": 992,
    "trilib_active": 439,
    "green_spaces_filtered": 1513
  },
  "master_shape": [
    992,
    23
  ],
  "iris_total": 992,
  "iris_with_bins": 724,
  "iris_without_bins": 268,
  "bin_density_stats": {
    "min": 0.0,
    "max": 1073.0550553598564,
    "mean": 62.979342535976826,
    "median": 29.13929933059422,
    "std": 106.18257964114161
  },
  "population_density_stats": {
    "min": 0.0,
    "max": 122867.23338418035,
    "mean": 31607.340785100743,
    "median": 33587.21878795081,
    "std": 16892.467658304762
  },
  "nan_counts": {
    "id": 0,
    "cleabs": 0,
    "code_insee": 0,
    "nom_commune": 0,
    "iris": 0,
    "code_iris": 0,
    "nom_iris": 0,
    "type_iris": 0,
    "geometry": 0,
    "area_km2": 0,
    "bin_count": 0,
    "trilib_count": 0,
    "green_area_m2": 0,
    "CODE_IRIS": 0,
    "COM": 0,
    "P22_POP": 0,
    "P22_PMEN": 0,
    "bin_density": 0,
    "population_density": 0,
    "trilib_density": 0,
    "green_ratio": 0,
    "arrondissement_code": 0,
    "distance_to_paris_centroid_m": 0
  },
  "head_records": [
    {
      "id": "iris_ge.17",
      "cleabs": "IRIS____0000000751083006",
      "code_insee": "75108",
      "nom_commune": "Paris 8e Arrondissement",
      "iris": "3006",
      "code_iris": "751083006",
      "nom_iris": "Faubourg du Roule 6",
      "type_iris": "A",
      "area_km2": 0.04054268851492409,
      "bin_count": 1,
      "trilib_count": 0,
      "green_area_m2": 373.76858962972506,
      "CODE_IRIS": "751083006",
      "COM": "75108",
      "P22_POP": 330.884896511902,
      "P22_PMEN": 330.884896511902,
      "bin_density": 24.665359812827706,
      "population_density": 8161.395029096322,
      "trilib_density": 0.0,
      "green_ratio": 0.00921913674995031,
      "arrondissement_code": "08",
      "distance_to_paris_centroid_m": 3161.8603753526436
    },
    {
      "id": "iris_ge.52",
      "cleabs": "IRIS____0000000751093307",
      "code_insee": "75109",
      "nom_commune": "Paris 9e Arrondissement",
      "iris": "3307",
      "code_iris": "751093307",
      "nom_iris": "Saint-Georges 7",
      "type_iris": "H",
      "area_km2": 0.07285055295878268,
      "bin_count": 2,
      "trilib_count": 0,
      "green_area_m2": 51.54200672964917,
      "CODE_IRIS": "751093307",
      "COM": "75109",
      "P22_POP": 3041.2637511581,
      "P22_PMEN": 3041.2637511581,
      "bin_density": 27.45346354655068,
      "population_density": 41746.61176393244,
      "trilib_density": 0.0,
      "green_ratio": 0.0007075033014342467,
      "arrondissement_code": "09",
      "distance_to_paris_centroid_m": 2797.215301875907
    },
    {
      "id": "iris_ge.66",
      "cleabs": "IRIS____0000000751104009",
      "code_insee": "75110",
      "nom_commune": "Paris 10e Arrondissement",
      "iris": "4009",
      "code_iris": "751104009",
      "nom_iris": "Hôpital Saint-Louis 9",
      "type_iris": "H",
      "area_km2": 0.05989632466956164,
      "bin_count": 2,
      "trilib_count": 1,
      "green_area_m2": 0.0,
      "CODE_IRIS": "751104009",
      "COM": "75110",
      "P22_POP": 2282.97031333207,
      "P22_PMEN": 2242.33954582035,
      "bin_density": 33.39103043523417,
      "population_density": 38115.36560760362,
      "trilib_density": 16.695515217617086,
      "green_ratio": 0.0,
      "arrondissement_code": "10",
      "distance_to_paris_centroid_m": 3020.238617894848
    },
    {
      "id": "iris_ge.69",
      "cleabs": "IRIS____0000000751093608",
      "code_insee": "75109",
      "nom_commune": "Paris 9e Arrondissement",
      "iris": "3608",
      "code_iris": "751093608",
      "nom_iris": "Rochechouart 8",
      "type_iris": "H",
      "area_km2": 0.06140239879646817,
      "bin_count": 0,
      "trilib_count": 0,
      "green_area_m2": 0.0,
      "CODE_IRIS": "751093608",
      "COM": "75109",
      "P22_POP": 2504.11161904635,
      "P22_PMEN": 2504.11161904635,
      "bin_density": 0.0,
      "population_density": 40781.98357277183,
      "trilib_density": 0.0,
      "green_ratio": 0.0,
      "arrondissement_code": "09",
      "distance_to_paris_centroid_m": 2690.6744996312764
    },
    {
      "id": "iris_ge.105",
      "cleabs": "IRIS____0000000751051706",
      "code_insee": "75105",
      "nom_commune": "Paris 5e Arrondissement",
      "iris": "1706",
      "code_iris": "751051706",
      "nom_iris": "Saint-Victor 6",
      "type_iris": "A",
      "area_km2": 0.15300302036128852,
      "bin_count": 18,
      "trilib_count": 0,
      "green_area_m2": 0.0,
      "CODE_IRIS": "751051706",
      "COM": "75105",
      "P22_POP": 74.4230052490151,
      "P22_PMEN": 74.4230052490151,
      "bin_density": 117.64473640779318,
      "population_density": 486.41526862201056,
      "trilib_density": 0.0,
      "green_ratio": 0.0,
      "arrondissement_code": "05",
      "distance_to_paris_centroid_m": 1471.890056295061
    }
  ],
  "top5": [
    {
      "code_iris": "751103712",
      "nom_iris": "Saint-Vincent de Paul 12",
      "bin_count": 154,
      "area_km2": 0.143515469435401,
      "P22_POP": 687.386716889291,
      "probable_explanation": "Probable polarite de transport autour de Gare du Nord / Gare de l Est."
    },
    {
      "code_iris": "751093409",
      "nom_iris": "Chaussée d'Antin 9",
      "bin_count": 64,
      "area_km2": 0.06072438184317169,
      "P22_POP": 692.499166343973,
      "probable_explanation": "IRIS tres petit; la densite est amplifiee par une faible surface."
    },
    {
      "code_iris": "751124811",
      "nom_iris": "Quinze-Vingts 11",
      "bin_count": 109,
      "area_km2": 0.1159148662994143,
      "P22_POP": 0.0,
      "probable_explanation": "Probable polarite de transport autour de Gare de Lyon et des grands flux pietons."
    },
    {
      "code_iris": "751155818",
      "nom_iris": "Necker 18",
      "bin_count": 80,
      "area_km2": 0.09285365143199673,
      "P22_POP": 1213.0493216903,
      "probable_explanation": "Probable effet gare Montparnasse / hub tertiaire et flux de transit."
    },
    {
      "code_iris": "751083208",
      "nom_iris": "Europe 8",
      "bin_count": 102,
      "area_km2": 0.1215200658583139,
      "P22_POP": 737.023326630264,
      "probable_explanation": "Probable effet Saint-Lazare / quartier de bureaux et commerce."
    }
  ],
  "bottom5": [
    {
      "code_iris": "751093608",
      "nom_iris": "Rochechouart 8",
      "bin_count": 0,
      "area_km2": 0.06140239879646817,
      "P22_POP": 2504.11161904635,
      "probable_explanation": "IRIS dense sans point OSM: sous-couverture OSM probable plutot qu absence reelle de corbeilles."
    },
    {
      "code_iris": "751010102",
      "nom_iris": "Saint-Germain l'Auxerrois 2",
      "bin_count": 0,
      "area_km2": 0.06155353475229657,
      "P22_POP": 157.787119820794,
      "probable_explanation": "Zero OSM a verifier; peut relever d une sous-couverture ou d un IRIS tres specialise."
    },
    {
      "code_iris": "751207913",
      "nom_iris": "Père Lachaise 13",
      "bin_count": 0,
      "area_km2": 0.04562761687099112,
      "P22_POP": 1954.96078535304,
      "probable_explanation": "IRIS dense sans point OSM: sous-couverture OSM probable plutot qu absence reelle de corbeilles."
    },
    {
      "code_iris": "751083101",
      "nom_iris": "Madeleine 1",
      "bin_count": 0,
      "area_km2": 0.12201079953180564,
      "P22_POP": 129.118963076603,
      "probable_explanation": "Zero OSM a verifier; peut relever d une sous-couverture ou d un IRIS tres specialise."
    },
    {
      "code_iris": "751155733",
      "nom_iris": "Saint-Lambert 33",
      "bin_count": 0,
      "area_km2": 0.014679505709726553,
      "P22_POP": 0.0,
      "probable_explanation": "IRIS non residentiel ou emprise specifique; zero possible mais a verifier."
    }
  ],
  "correlations": {
    "population_density": -0.13254071505602943,